job_id,weblab_id,analysis_create_time,analysis_completed_time,analysis_start_date,analysis_end_date,analysis_exclude_date,trigger_source_name,join_key,treatment_allocations,marketplace_id,active_alarm_names,metric,metric_name,metric_id,metric_version,metric_group_hash_key,metric_hash_key,dimensions_string,segmentation_name,segment_value,treatment_allocations_p_value,treatment_name_a,treatment_name_b,metric_sum_a,metric_sum_b,metric_count_a,metric_count_b,metric_sample_mean_a,metric_sample_mean_b,metric_sample_variance_a,metric_sample_variance_b,metric_base_mean_a,metric_base_mean_b,metric_p_value,overall_percent_impact,overall_percent_ci_lower,overall_percent_ci_upper,overall_annualized_impact,overall_annualized_ci_lower,overall_annualized_ci_upper,overall_absolute_impact,overall_absolute_ci_lower,overall_absolute_ci_upper,overall_posterior_mean,overall_posterior_sd,overall_data_weight,overall_posterior_probability_positive,overall_posterior_percent_impact,overall_posterior_percent_ci_lower,overall_posterior_percent_ci_upper,overall_posterior_annualized_impact,overall_posterior_annualized_ci_lower,overall_posterior_annualized_ci_upper,overall_posterior_absolute_impact,overall_posterior_absolute_ci_lower,overall_posterior_absolute_ci_upper,metric_indicator_count_a,metric_indicator_count_b,metric_indicator_mean_a,metric_indicator_mean_b,metric_indicator_base_mean_a,metric_indicator_base_mean_b,metric_indicator_p_value,indicator_percent_impact,indicator_percent_ci_lower,indicator_percent_ci_upper,indicator_annualized_impact,indicator_annualized_ci_lower,indicator_annualized_ci_upper,indicator_absolute_impact,indicator_absolute_ci_lower,indicator_absolute_ci_upper,indicator_posterior_mean,indicator_posterior_sd,indicator_data_weight,indicator_posterior_probability_positive,indicator_posterior_percent_impact,indicator_posterior_percent_ci_lower,indicator_posterior_percent_ci_upper,indicator_posterior_annualized_impact,indicator_posterior_annualized_ci_lower,indicator_posterior_annualized_ci_upper,indicator_posterior_absolute_impact,indicator_posterior_absolute_ci_lower,indicator_posterior_absolute_ci_upper,metric_conditional_mean_a,metric_conditional_mean_b,metric_conditional_base_mean_a,metric_conditional_base_mean_b,metric_conditional_p_value,conditional_percent_impact,conditional_percent_ci_lower,conditional_percent_ci_upper,conditional_annualized_impact,conditional_annualized_ci_lower,conditional_annualized_ci_upper,conditional_absolute_impact,conditional_absolute_ci_lower,conditional_absolute_ci_upper,conditional_posterior_mean,conditional_posterior_sd,conditional_data_weight,conditional_posterior_probability_positive,conditional_posterior_percent_impact,conditional_posterior_percent_ci_lower,conditional_posterior_percent_ci_upper,conditional_posterior_annualized_impact,conditional_posterior_annualized_ci_lower,conditional_posterior_annualized_ci_upper,conditional_posterior_absolute_impact,conditional_posterior_absolute_ci_lower,conditional_posterior_absolute_ci_upper,outlier_count_a,outlier_delta_credit_a,outlier_count_b,outlier_delta_credit_b,outlier_threshold,lower_outlier_count_a,lower_outlier_count_b,lower_outlier_threshold,regression_metric_sample_mean_a,regression_metric_sample_mean_b,regression_metric_sample_variance_a,regression_metric_sample_variance_b,regression_metric_diff_mean,regression_metric_diff_variance,regression_metric_p_value,regression_overall_percent_impact,regression_overall_percent_ci_lower,regression_overall_percent_ci_upper,regression_overall_annualized_impact,regression_overall_annualized_ci_lower,regression_overall_annualized_ci_upper,regression_overall_absolute_impact,regression_overall_absolute_ci_lower,regression_overall_absolute_ci_upper,regression_overall_posterior_mean,regression_overall_posterior_sd,regression_overall_data_weight,regression_overall_posterior_probability_positive,regression_overall_posterior_percent_impact,regression_overall_posterior_percent_ci_lower,regression_overall_posterior_percent_ci_upper,regression_overall_posterior_annualized_impact,regression_overall_posterior_annualized_ci_lower,regression_overall_posterior_annualized_ci_upper,regression_overall_posterior_absolute_impact,regression_overall_posterior_absolute_ci_lower,regression_overall_posterior_absolute_ci_upper,regression_indicator_metric_sample_mean_a,regression_indicator_metric_sample_mean_b,regression_indicator_metric_sample_variance_a,regression_indicator_metric_sample_variance_b,regression_indicator_metric_diff_mean,regression_indicator_metric_diff_variance,regression_indicator_metric_p_value,regression_indicator_percent_impact,regression_indicator_percent_ci_lower,regression_indicator_percent_ci_upper,regression_indicator_annualized_impact,regression_indicator_annualized_ci_lower,regression_indicator_annualized_ci_upper,regression_indicator_absolute_impact,regression_indicator_absolute_ci_lower,regression_indicator_absolute_ci_upper,regression_indicator_posterior_mean,regression_indicator_posterior_sd,regression_indicator_data_weight,regression_indicator_posterior_probability_positive,regression_indicator_posterior_percent_impact,regression_indicator_posterior_percent_ci_lower,regression_indicator_posterior_percent_ci_upper,regression_indicator_posterior_annualized_impact,regression_indicator_posterior_annualized_ci_lower,regression_indicator_posterior_annualized_ci_upper,regression_indicator_posterior_absolute_impact,regression_indicator_posterior_absolute_ci_lower,regression_indicator_posterior_absolute_ci_upper,metric_indicator_variance_a,metric_indicator_variance_b,overall_raw_impact,overall_raw_impact_sd,indicator_raw_impact,indicator_raw_impact_sd,overall_percent_impact_variance,overall_posterior_percent_impact_variance,indicator_percent_impact_variance,indicator_posterior_percent_impact_variance,regression_overall_percent_impact_variance,regression_overall_posterior_percent_impact_variance,regression_indicator_percent_impact_variance,regression_indicator_posterior_percent_impact_variance,overall_absolute_mean_a,overall_absolute_mean_b,indicator_absolute_mean_a,indicator_absolute_mean_b,session_count,session_indicator_count,customer_count,customer_indicator_count,session_count_a,session_count_b,session_indicator_count_a,session_indicator_count_b,customer_count_a,customer_count_b,customer_indicator_count_a,customer_indicator_count_b
1695156856779344680,CEPSTARFISH_756503,2023-09-19 20:54:16,2023-09-21 04:28:53,20230826,20230915,"""[]""",Customer Weblab,customer,C:0.0;T1:50.0;T2:50.0,1,,Glance Views V3 (Glance Views V3),Glance Views V3,057bf378-b531-4d23-a2e7-cf373e299d94,3,glance_views_v3,057bf378-b531-4d23-a2e7-cf373e299d94-version-3,all:all,all,all,0.3989329186448646,T1,T2,75897074.0,76042385.0,568373,567474,133.53391874702,134.0015313476917,44663.20910134108,45130.79856075841,133.53391874702,134.0015313476917,0.23959585540741735,0.003501826390323927,-0.0023344558449320887,0.00933810862557994,9231655.948420154,-6154186.640074411,24617498.536914714,531136.3696351321,-354076.49162071955,1416349.2308909835,0.39767981317224665,0.3666937088904315,0.8504471705873912,0.8609287100991171,0.002978118345539241,-0.0024040831919161986,0.00836031988299468,7851035.681170179,-6337741.060057839,22039812.4223982,451703.42275225685,-364637.1568800401,1268044.002384554,551744,550789,0.9707428044611549,0.9705977718802976,0.9707428044611549,0.9705977718802976,0.6469217329314687,-0.00014940371454805844,-0.0007887019106698094,0.0004898944815736924,-2863.248094390061,-15115.080971033853,9388.584782253729,-164.7348218690172,-869.6347955937285,540.165151855694,-0.0001233425480330745,0.000292000260135368,0.850447170587391,0.336364491859369,-0.00012705996631264254,-0.0007166187976648142,0.0004624988650395292,-2435.0412405637667,-13733.643859021046,8863.561377893513,-140.09826315572354,-790.1548521628546,509.95832585140755,137.5584945191973,138.06082728594797,137.5584945191973,138.06082728594797,0.21730982482194505,0.0036517756937254424,-0.0021496936654575058,0.00945324505290839,9626239.766582342,-5666686.123124469,24919165.65628915,553838.4523239156,-326028.5166729147,1433705.4213207457,0.4272074801764425,0.37549226596242224,0.850447170587391,0.8723826359576672,0.0031056423063486097,-0.002244454903802054,0.008455739516499274,8186608.37288578,-5916480.8743328275,22289697.620104387,471010.3447413737,-340400.26948216266,1282420.9589649101,544,1588649.0,558,1615084.0,2666.0,0,0,,133.5751390954011,133.96002563602514,0.0670850676611768,0.06760784455339275,0.3848865406240236,0.11127851085294449,0.24858618977976368,0.0028823129301940964,-0.0020139261079101553,0.007778551968298348,7598469.581689714,-5309193.221325756,20506132.384705186,437172.22250817536,-305460.43191189284,1179804.8769282436,0.32732566947086983,0.3076304515194569,0.850447170587391,0.8563407077876699,0.0024512548762310217,-0.002064036902693022,0.006966546655155065,6462096.956542375,-5441297.319351735,18365491.232436486,371791.8796914791,-313060.9416613327,1056644.7010442908,0.970703447960052,0.9706368483699597,4.569038820800621e-08,4.588887482522734e-08,-6.659959009236438e-05,8.289990301247664e-08,0.8170739220392882,-6.860683363945493e-05,-0.0006499344062091476,0.0005127207389302377,-1314.8159419899648,-12455.670568071972,9826.038684092042,-75.6469446076418,-716.6276217246887,565.3337325094051,-5.663943295633133e-05,0.0002655221044638843,0.850447170587391,0.41554124639271417,-5.8346487551634285e-05,-0.0005944449880575115,0.000477752012954243,-1118.1814977085608,-11392.24338848616,9155.88039306904,-64.33373000515007,-655.4441401594777,526.7766801491777,0.028401212048046878,0.028537737101299372,0.46761260067168564,0.39763059114080684,-0.0001450325808572961,0.00032138421105393916,8.866993483327289e-06,7.540909519512527e-06,1.096076114503955e-07,9.048115100255926e-08,6.240625435231433e-06,5.307322244088278e-06,8.797224242240026e-08,7.481574465835834e-08,,,,,,,,,,,,,,,,
1695156856779344680,CEPSTARFISH_756503,2023-09-19 20:54:16,2023-09-21 04:28:53,20230826,20230915,"""[]""",Customer Weblab,customer,C:0.0;T1:50.0;T2:50.0,1,,Glance Views V3 (Glance Views V3),Glance Views V3,057bf378-b531-4d23-a2e7-cf373e299d94,3,glance_views_v3,057bf378-b531-4d23-a2e7-cf373e299d94-version-3,asin:B08PP48979,all,all,0.3989329186448646,T1,T2,41150.0,40747.0,568373,567474,0.07239963896947955,0.07180417076377067,0.20549350576102607,0.20448760637755212,0.07239963896947955,0.07180417076377067,0.48339987290093067,-0.00822473998744531,-0.031225829579567183,0.014776349604676562,-11755.794423484911,-44631.737149199085,21120.148302229263,-676.3607750498168,-2567.8533702278924,1215.1318201282588,-0.000486241074902858,0.0007677737358690146,0.8165693318991003,0.263264638357422,-0.006716070436592031,-0.027500826990604643,0.014068686117420575,-9599.421198328242,-39307.51234335274,20108.66994669625,-552.2954662051866,-2261.528107425774,1156.9371750154007,23607,23525,0.041534344523754645,0.04145564378279886,0.041534344523754645,0.04145564378279886,0.8334433108530613,-0.0018948352708629528,-0.019555463424441158,0.01576579288271525,-1553.7181041441681,-16034.996827795956,12927.560619507618,-89.3920005124042,-922.5614613252468,743.7774603004383,-6.426461146222855e-05,0.0003381909245486763,0.8165693318991002,0.4246449079753777,-0.0015472643711874118,-0.017506154287810764,0.01441162554543594,-1268.71855426054,-14354.61397049322,11817.176861972137,-72.99476613553792,-825.8818996722126,679.8923674011367,1.7431270385902486,1.7320722635494155,1.7431270385902486,1.7320722635494155,0.40153537852860843,-0.006341921613340196,-0.021159183119330034,0.008475339892649637,-9056.061185093364,-30214.636609853125,12102.514239666387,-521.0336572245498,-1738.3763528956592,696.3090384465593,-0.009026990269388005,0.011908180987607469,0.8165693318991003,0.22421068439081993,-0.005178618694761668,-0.01856812235134606,0.00821088496182272,-7394.901831549064,-26514.68472148544,11724.881058387311,-425.46010537679547,-1525.502408633409,674.582197879818,25,132.0,20,450.0,15.0,0,0,,0.07237965473592574,0.07182779277417342,3.5964247875007557e-07,3.588250527643369e-07,-0.0005518619617523174,7.149728166439568e-07,0.513976888309102,-0.0076224407967691345,-0.030513027196854843,0.015268145603316576,-10894.915480463182,-43612.91366194873,21823.082701022366,-626.8307536704845,-2509.2361284956805,1255.5746211547114,-0.00045063355340861666,0.0007640843377618559,0.8165693318991003,0.27767263369540607,-0.006224251388858217,-0.026909130546828704,0.014460627769112269,-8896.453854978987,-38461.78813021593,20668.88042025796,-511.850769738517,-2212.8700020124234,1189.1684625353894,0.04155434081474928,0.04143494175742665,6.982684364487562e-08,6.96689836554469e-08,-0.00011939905732262501,1.3892823583343282e-07,0.7487136976656895,-0.0028747066720732134,-0.02046349775525029,0.014714084411103862,-2357.188442280812,-16779.562543168173,12065.185658606548,-135.61906106273165,-965.3994887850181,694.1613666595548,-9.749760846731828e-05,0.0003368152857523347,0.8165693318991003,0.38611122182177204,-0.00234739730662071,-0.018241372210680822,0.0135465775974394,-1924.8077914735236,-14957.474501337272,11107.858918390224,-110.74236608477807,-860.5670261043362,639.0822939347801,0.0398092427487367,0.03973707338135255,-0.0005954682057088823,0.0008496434605481117,-7.870074095578383e-05,0.0018372464367895152,0.00013772114894862293,0.00011245886658535352,0.0019566813496906016,6.629933555421596e-05,0.0001364007408346867,0.00011138066181392249,8.053335626066899e-05,6.57610689173667e-05,,,,,,,,,,,,,,,,
1695156856779344680,CEPSTARFISH_756503,2023-09-19 20:54:16,2023-09-21 04:28:53,20230826,20230915,"""[]""",Customer Weblab,customer,C:0.0;T1:50.0;T2:50.0,1,,OPS (Purchases),OPS,817b284d-05d2-42d7-ad72-51efe152e0c0,6,purchase_metrics_v6,817b284d-05d2-42d7-ad72-51efe152e0c0-version-6,all:all,all,all,0.3989329186448646,T1,T2,111769220.04994135,111456090.23994188,568373,567474,196.64765928350107,196.40739529906548,132177.81677007332,130926.65800432836,196.64765928350107,196.40739529906548,0.724091211010094,-0.0012217993609026621,-0.0080056741865801,0.005562075464774773,-4743316.2363885995,-31079934.69925193,21593302.226474725,-272903.12592920713,-1788160.626532303,1242354.3746738883,-0.22834683378883044,0.663199953925773,0.9494059353905681,0.3653063228623248,-0.0011611978226480164,-0.0077712334008960444,0.005448837755600012,-4508046.625393701,-30169779.70916803,21153686.458380636,-259367.0661185417,-1735795.5449110374,1217061.4126739544,429637,429048,0.7559067724891928,0.7560663572251768,0.7559067724891928,0.7560663572251768,0.8430479177075642,0.00021111695488383516,-0.001878727748642347,0.002300961658410017,3150.53823422948,-28036.60940952116,34337.68587798011,181.26384361320297,-1613.065198903957,1975.5928861303626,0.00013244720898218263,0.0007342769427224096,0.8299491061317614,0.5715719822351204,0.0001752163279950984,-0.001728664434542558,0.0020790970905327547,2614.786391332695,-25797.186200301814,31026.758982967203,150.43976498078518,-1484.2216717981867,1785.101201759757,260.1480320594859,259.7753403813603,260.1480320594859,259.7753403813603,0.6635077988175841,-0.0014326138667094378,-0.00788637446031084,0.005021146726891962,-5562335.003591174,-30620014.039631978,19495344.03244962,-320024.753631273,-1761699.437896634,1121649.9306340877,-0.3093151251230803,0.78038881395485,0.8299491061317614,0.3459196335734438,-0.0011889965981074643,-0.007068472053603852,0.004690478857388923,-4616454.964235903,-27444387.1019999,18211477.173528094,-265604.2582163122,-1578992.1346356105,1047783.6182029861,431,2383945.919998035,428,5067817.279994488,5052.639999999994,0,0,,196.59490852608633,196.46016835966248,0.2107857304305548,0.20913327170664125,-0.13474016642385322,0.3765659989465072,0.8262047088950617,-0.0006851857119214541,-0.006801366644036036,0.005430995220193128,-2660054.1924472647,-26404525.869495958,21084417.48460143,-153044.2138120344,-1519164.5020805895,1213076.0744565206,-0.12934197930441813,0.6007759633406603,0.9584820699097963,0.41477001451509954,-0.0006577346497572578,-0.006645597689751466,0.00533012839023695,-2553482.628378556,-25799793.673992593,20692828.417235482,-146912.6991669854,-1484371.6908324505,1190546.2924984798,0.7556648622923232,0.7563103786697976,2.941264480514264e-07,2.9343011707162643e-07,0.0006455163774743422,5.254835958940477e-07,0.37320433567917843,0.0008539629501514635,-0.0010256110817431269,0.002733536982046054,12743.850566374344,-15305.38808812928,40793.08922087797,733.2078408050992,-880.5839721937394,2346.9996538039377,0.000535745740478243,0.0006603973354724931,0.8299491061317614,0.7913882467411404,0.0007087457871478491,-0.0010035751499301525,0.0024210667242258507,10576.747386239127,-14976.54171128641,36130.03648376466,608.5251920849909,-861.6640436630537,2078.714427833035,0.1845117237941645,0.18443002069742814,-0.24026398443558605,0.6806416423283385,0.00015958473598398637,0.0009269942221684964,1.1980073143708564e-05,1.1373952549050053e-05,1.5038952295724582e-06,9.435899555747412e-07,9.737860332819082e-06,9.333564528292931e-06,9.196502438972218e-07,7.632628978763554e-07,,,,,,,,,,,,,,,,
1695156856779344680,CEPSTARFISH_756503,2023-09-19 20:54:16,2023-09-21 04:28:53,20230826,20230915,"""[]""",Customer Weblab,customer,C:0.0;T1:50.0;T2:50.0,1,,OPS (Purchases),OPS,817b284d-05d2-42d7-ad72-51efe152e0c0,6,purchase_metrics_v6,817b284d-05d2-42d7-ad72-51efe152e0c0-version-6,asin:B08PP48979,all,all,0.3989329186448646,T1,T2,191702.02999999063,187452.5699999918,568373,567474,0.33728208412431737,0.33032803264993954,9.712820210162784,9.51128185805596,0.33728208412431737,0.33032803264993954,0.23198646356684627,-0.020617909464217692,-0.0544268268698718,0.013191007941436404,-137287.59782530656,-362409.5998280717,87834.40417745861,-7898.738505017636,-20850.96327777947,5053.486267744193,-0.005677619159038546,0.005257032047959581,0.8164476751369625,0.14007005043073972,-0.01683344424824491,-0.04738233481954445,0.013715446323054638,-112088.14006960983,-315502.7398883021,91326.45974908251,-6448.906688936456,-18152.21243192971,5254.399054056802,6779,6630,0.011927026794024347,0.011683354655896129,0.011927026794024347,0.011683354655896129,0.22928669728431705,-0.02043024991360811,-0.0537380271079162,0.01287752728069996,-4810.600356330016,-12653.402354203452,3032.2016415434155,-276.7742670765215,-728.0039710637602,174.45543691071705,-0.000198945550670436,0.0001831445220006334,0.8164476751369625,0.13867838827368395,-0.016680230044432472,-0.046776302878517896,0.01341584278965295,-3927.603476938685,-11014.162834362443,3158.9558804850712,-225.9717068923627,-633.6915603331817,181.74814654845616,28.27880660864296,28.273389140270258,28.27880660864296,28.273389140270258,0.949082857847197,-0.00019157344394604684,-0.006071397765029313,0.0056882508771372185,-1262.6016283090294,-40014.71470334235,37489.51144672429,-72.6428334095606,-2302.216462384081,2156.930795564959,-0.00442307945802054,0.07665518136772366,0.8164476751369625,0.4769934046080224,-0.00015640969292773116,-0.00546927161062992,0.005156452224774458,-1030.8481640570503,-36046.286473768756,33984.590145654656,-59.30907245259742,-2073.8959341072436,1955.2777892020488,3,180.26999999993131,3,1393.8399999995308,83.97,0,0,,0.33723261476906174,0.3303589845382044,1.707489058150632e-05,1.676189016833638e-05,-0.006873630230857353,3.382829512580295e-05,0.2372830209592107,-0.02037947034365404,-0.054177807694654447,0.01341886700734637,-135699.91338297384,-360751.4664252958,89351.63965934815,-7807.392276828631,-20755.56382172935,5140.779268072085,-0.005611959421734629,0.005255381328629623,0.8164476751369625,0.1427940696800053,-0.016638771182599016,-0.04717806933678663,0.013900526971588605,-110791.87879781617,-314142.6059962062,92558.84840057387,-6374.327273299013,-18073.958153206382,5325.30360660836,0.011925870983341254,0.01168427812151554,2.0725715674275686e-08,2.0347968846815082e-08,-0.00024159286182571377,4.106622982857769e-08,0.23319083538832253,-0.02025591675091701,-0.0535569963141169,0.013045162812282875,-4769.551070192633,-12610.776013123917,3071.673872738649,-274.4125273261515,-725.5514966454856,176.72644199318256,-0.00019724793036728942,0.0001831076947323144,0.8164476751369625,0.14069019187944787,-0.01653789613905405,-0.04662791716150185,0.013552124883393754,-3894.088882705787,-10979.223252802249,3191.0454873906747,-224.04346996389458,-631.6813378324581,183.59439790466894,0.011784772825878972,0.01154685387988068,-0.0069540514743778314,0.005818036563177923,-0.00024367213812821753,0.0018654839608395388,0.00029755437959785305,0.00024293758144948837,0.024463503222582866,0.00023578896515957115,0.0002973675435100975,0.00024278503956000862,0.00028868249064666204,0.0002356941483412152,,,,,,,,,,,,,,,,
1695156856779344680,CEPSTARFISH_756503,2023-09-19 20:54:16,2023-09-21 04:28:53,20230826,20230915,"""[]""",Customer Weblab,customer,C:0.0;T1:50.0;T2:50.0,1,,Log OPS (Purchases),Log OPS,48eb2ab0-d574-45be-b9b2-5fa8a444000a,6,purchase_metrics_v6,48eb2ab0-d574-45be-b9b2-5fa8a444000a-version-6,all:all,all,all,0.3989329186448646,T1,T2,2091579.2067600978,2089305.5300475375,568373,567474,3.6799411772904373,3.6817643276124326,5.512602808576342,5.510860946063545,3.6799411772904373,3.6817643276124326,0.679008187194506,0.0004954292023052391,-0.0018510755744435958,0.0028419339790540735,35992.82074677903,-134480.22649791389,206465.8679914719,2070.819823787286,-7737.218510838881,11878.858158413452,0.0017641072218956078,0.004334115816226542,0.9677709200898746,0.6580063501298895,0.0004793846251625496,-0.0018289976275353448,0.002787766877860444,34827.1858056661,-132876.26859267117,202530.6402040034,2003.7558956684604,-7644.936001222177,11652.447792559098,429637,429048,0.7559067724891928,0.7560663572251768,0.7559067724891928,0.7560663572251768,0.8430479177075642,0.00021111695488383516,-0.001878727748642347,0.002300961658410017,3150.53823422948,-28036.60940952116,34337.68587798011,181.26384361320297,-1613.065198903957,1975.5928861303626,0.00015656534265512365,0.0007983370812810849,0.9810796859095239,0.577739660248585,0.00020712255578760814,-0.001862857478497801,0.0022771025900730174,3090.9290612838045,-27799.77436751586,33981.63249008347,177.83427475879424,-1599.4390731995427,1955.107622717131,4.8682473966629916,4.869631206875542,4.8682473966629916,4.869631206875542,0.6013577887061548,0.0002842522369546433,-0.0007821182815906706,0.001350622755499957,20653.03959108093,-56826.71140131706,98132.7905834789,1188.2570723635602,-3269.4820258292,5645.99617055632,0.001357628088687018,0.0026235226667640694,0.9810796859095239,0.6975904446780503,0.00027887409535054097,-0.0007773602166128808,0.0013351084073139627,20262.27759509464,-56481.0025850346,97005.55777522389,1165.774875334212,-3249.5919295499352,5581.14168021836,0,0.0,0,0.0,,0,0,,3.67820095716312,3.68351334341928,8.477345682112907e-06,8.46455211301793e-06,0.005312386256160373,1.4473719661044562e-05,0.16260429028207882,0.001443606297009322,-0.00058266576018222,0.0034698783542008635,104877.67462113628,-42330.537166445516,252085.88640871807,6034.0579919009915,-2435.455563000975,14503.571546802956,0.005183447032589762,0.0037580586501725958,0.9757688520214036,0.9160970877135182,0.0014085679044485069,-0.0005930020259575214,0.003410137834854535,102332.14323778496,-43081.46456335798,247745.7510389279,5887.6027616259835,-2478.6596050151165,14253.865128267083,0.7556648622923232,0.7563103786697976,2.941264480514264e-07,2.9343011707162643e-07,0.0006455163774743422,5.254835958940477e-07,0.37320433567917843,0.0008539629501514635,-0.0010256110817431269,0.002733536982046054,12743.850566374344,-15305.38808812928,40793.08922087797,733.2078408050992,-880.5839721937394,2346.9996538039377,0.0006333030048619814,0.0007180120341681882,0.9810796859095239,0.811117768680443,0.0008378057029129682,-0.0010239023524360284,0.0026995137582619647,12502.73291093645,-15279.888397605022,40285.35421947792,719.3353181634669,-879.1168667115219,2317.7875030384557,0.1845117237941645,0.18443002069742814,0.0018231503219952039,0.0044056929712885115,0.00015958473598398637,0.0009269942221684964,1.433331690982486e-06,1.3871367293760964e-06,1.5038952295724582e-06,1.1154141023867557e-06,1.0688048189769065e-06,1.0429064512480405e-06,9.196502438972218e-07,9.022501724293033e-07,,,,,,,,,,,,,,,,
1695156856779344680,CEPSTARFISH_756503,2023-09-19 20:54:16,2023-09-21 04:28:53,20230826,20230915,"""[]""",Customer Weblab,customer,C:0.0;T1:50.0;T2:50.0,1,,Log OPS (Purchases),Log OPS,48eb2ab0-d574-45be-b9b2-5fa8a444000a,6,purchase_metrics_v6,48eb2ab0-d574-45be-b9b2-5fa8a444000a-version-6,asin:B08PP48979,all,all,0.3989329186448646,T1,T2,22834.014900520517,22333.876969613048,568373,567474,0.04017434836017988,0.03935665240982503,0.1338825237016647,0.1312151756774634,0.04017434836017988,0.03935665240982503,0.23136969208458036,-0.020353682977602115,-0.053685248811275475,0.012977882856071243,-16143.037363085128,-42579.172445626915,10293.097719456653,-928.777492122706,-2449.7606064607266,592.2056222153143,-0.0006676082577772541,0.0006173357003173756,0.8164504880910026,0.13975189301188495,-0.01661777440151278,-0.0467353939368717,0.013499845133846144,-13179.990734362145,-37067.06109806494,10707.079629340655,-758.3008367715207,-2132.625433039353,616.0237594963116,6779,6630,0.011927026794024347,0.011683354655896129,0.011927026794024347,0.011683354655896129,0.22928669728431705,-0.02043024991360811,-0.0537380271079162,0.01287752728069996,-4810.600356330016,-12653.402354203452,3032.2016415434155,-276.7742670765215,-728.0039710637602,174.45543691071705,-0.0001989462361089614,0.00018314483749952881,0.8164504880910026,0.13867797444468466,-0.016680287513786505,-0.0467764121936909,0.013415837166117894,-3927.617008936393,-11014.188574214497,3158.9545563417128,-225.97248544565548,-633.6930412561766,181.74807036486564,3.3683456115238997,3.3686088943609422,3.3683456115238997,3.3686088943609422,0.9020647842056222,7.816384284968426e-05,-0.0011668100703935422,0.0013231377560929103,61.361011433092024,-915.9816541690703,1038.7036770352543,3.5303595619039245,-52.70031434945336,59.7610334732612,0.0002149574008093965,0.0019332754372715956,0.8164504880910026,0.5442664425665092,6.381690764569314e-05,-0.0010611122612272043,0.0011887460765185906,50.098227734305574,-833.005635587422,933.2020910560332,2.8823637874531975,-47.92635163653661,53.691079211443004,0,0.0,0,0.0,,0,0,,0.04017006391048845,0.03935989850226038,2.354444119568611e-07,2.3123020459887038e-07,-0.000810165408228064,4.665852066574641e-07,0.23559717780022182,-0.02016623644930321,-0.053490855638069094,0.01315838273946267,-15994.368627641046,-42424.99414474385,10436.256889461745,-920.2239484396218,-2440.8900740811528,600.4421772019086,-0.0006614599429822492,0.0006172063834014744,0.8164504880910026,0.14192745068443446,-0.016464733591992173,-0.046576044213626204,0.013646577029641864,-13058.610072744952,-36940.67667225955,10823.456526769647,-751.3172918565589,-2125.354000321782,622.7194166086646,0.011925870983341254,0.01168427812151554,2.0725715674275686e-08,2.0347968846815082e-08,-0.00024159286182571377,4.106622982857769e-08,0.23319083538832253,-0.02025591675091701,-0.0535569963141169,0.013045162812282875,-4769.551070192633,-12610.776013123917,3071.673872738649,-274.4125273261515,-725.5514966454856,176.72644199318256,-0.00019724860995690613,0.00018310801016776832,0.8164504880910025,0.14068977746067302,-0.016537953118016906,-0.04662802597585837,0.013552119739824559,-3894.102299233739,-10979.248874729756,3191.044276262279,-224.04424187372194,-631.682811970753,183.5943282233092,0.011784772825878972,0.01154685387988068,-0.0008176959503548506,0.0006832135425725714,-0.00024367213812821753,0.0018654839608395388,0.0002892112951828421,0.00023612670311346247,0.024463503222582866,0.0002357897775368273,0.00028909014231405945,0.0002360277877946112,0.00028868249064666204,0.0002356949603917935,,,,,,,,,,,,,,,,
1695156856779344680,CEPSTARFISH_756503,2023-09-19 20:54:16,2023-09-21 04:28:53,20230826,20230915,"""[]""",Customer Weblab,customer,C:0.0;T1:50.0;T2:50.0,1,,Total Units (Purchases),Total Units,e03d44fc-f5eb-4604-b3da-a06656273a3a,6,purchase_metrics_v6,e03d44fc-f5eb-4604-b3da-a06656273a3a-version-6,all:all,all,all,0.3989329186448646,T1,T2,4632810.0,4636811.0,568373,567474,8.151002950527207,8.17096642313128,183.37103168482622,184.327173290349,8.151002950527207,8.17096642313128,0.4327025757550632,0.002449204438428134,-0.0036692039074892775,0.008567612784345544,394120.9247821363,-590440.7221154621,1378682.5716797342,22675.450466917428,-33970.56209431425,79321.46302814908,0.018763989644745502,0.024642904891969884,0.9379527602978284,0.7768015900574509,0.002302046724634279,-0.0036235070208201856,0.008227600470088744,370440.6091093126,-583087.2733991736,1323968.491617799,21313.021346015244,-33547.486962692186,76173.52965472268,432298,431610,0.760588557162286,0.7605811015130208,0.760588557162286,0.7605811015130208,0.992571529860414,-9.802473617277824e-06,-0.00207336759327196,0.0020537626460374043,-147.1901928849431,-31132.894398938388,30838.5140131685,-8.468476850914534,-1791.2076229526197,1774.2706692507902,-6.275773382252563e-06,0.0007347012291314723,0.8417473997276878,0.4965923006538664,-8.251206678242869e-06,-0.0019015060222220255,0.00188500360886554,-123.89696212631766,-28552.28681150638,28304.492887253746,-7.128318368911427,-1642.7343097031069,1628.4776729652838,10.716704680567572,10.743057389773174,10.716704680567572,10.743057389773174,0.40266075819501834,0.00245903101663209,-0.003300002246285036,0.008218064279549214,395700.25957635755,-531026.9519275941,1322427.471080309,22766.316304393175,-30552.23559035473,76084.86819914106,0.022182324449595343,0.028890406374059114,0.8417473997276876,0.7786997737733982,0.0020698829640997942,-0.0032138453534825634,0.007353611281682152,333079.66456997,-517162.8304034484,1183322.1595433885,19163.487550601014,-29754.57380403402,68081.54890523605,441,58836.0,423,138474.0,178.0,0,0,,8.149537071599774,8.172445033713828,0.00028331617523559127,0.0002848302086697061,0.022907962114054214,0.0004888522939879848,0.30016021582150043,0.0028104470398421983,-0.0025060592524642675,0.008126953332148665,452251.3388489133,-403269.8841481491,1307772.561845976,26019.940043362138,-23201.828950989402,75241.70903771368,0.021848242721679442,0.021577691310787236,0.952428306115439,0.8443596706821848,0.0026804361198601084,-0.0025080662148041716,0.00786893845452439,431330.2498572558,-403592.840386916,1266253.3401014276,24816.26095069143,-23220.40999486366,72852.93189624653,0.7603014351923478,0.7608696979984555,2.9214091583816923e-07,2.917274457885678e-07,0.0005682628061076667,5.264697089520582e-07,0.43352041310338296,0.000747135623796161,-0.0011226206452612391,0.002616891892853561,11218.702632765515,-16856.84203437911,39294.247299910145,645.4596035289749,-969.8457060875652,2260.764913145515,0.0004783337394030876,0.0006656985117497167,0.8417473997276878,0.7637890673854091,0.0006288994685743425,-0.0010865419422973787,0.0023443408794460636,9443.313769448538,-16315.098036320393,35201.72557521747,543.3139428997788,-938.6768733225432,2025.304759122101,0.18209360387607798,0.18209748953426072,0.019963472604072052,0.025444939230251415,-7.4556492651867146e-06,0.0009182185238339676,9.744975134375533e-06,9.140326326321233e-06,1.4574461760165049e-06,9.330866121147288e-07,7.35792838999735e-06,7.007899273003876e-06,9.100679374320997e-07,7.6604731990901e-07,,,,,,,,,,,,,,,,
1695156856779344680,CEPSTARFISH_756503,2023-09-19 20:54:16,2023-09-21 04:28:53,20230826,20230915,"""[]""",Customer Weblab,customer,C:0.0;T1:50.0;T2:50.0,1,,Total Units (Purchases),Total Units,e03d44fc-f5eb-4604-b3da-a06656273a3a,6,purchase_metrics_v6,e03d44fc-f5eb-4604-b3da-a06656273a3a-version-6,asin:B08PP48979,all,all,0.3989329186448646,T1,T2,6995.0,6839.0,568373,567474,0.012307058920814325,0.012051653467824077,0.012954389243046639,0.012692372574437111,0.012307058920814325,0.012051653467824077,0.22941074550875729,-0.0207527610482382,-0.05459534701645714,0.013089824919980734,-5042.240662397818,-13264.87969789782,3180.398373102183,-290.10151756261416,-763.1848593311075,182.981824205879,-0.00020852513887857077,0.00019201442515723156,0.8164474815912909,0.13874240720743192,-0.016943539493899915,-0.047522848510114006,0.013635769522314179,-4116.7246903919,-11546.494396272685,3313.0450154888836,-236.85265341980798,-664.3188556759627,190.61354883634672,6785,6636,0.011937583241990735,0.011693927827530424,0.011937583241990735,0.011693927827530424,0.22952447128746434,-0.020410782444075168,-0.0537038148915604,0.012882250003410058,-4810.270195962028,-12656.538811784872,3035.9984198608176,-276.7552715485002,-728.1844247876228,174.67388169062238,-0.0001989318495122027,0.00018322545248453044,0.8164474815912911,0.1388010688479897,-0.01666433192377291,-0.04674707820842607,0.013418414360880255,-3927.3329872668437,-11017.023853466819,3162.3578789331314,-225.9561444728869,-633.8561669117895,181.94387796601578,1.0309506263817243,1.030590717299578,1.0309506263817243,1.030590717299578,0.9117182208275139,-0.0003491040918316144,-0.006520493956623995,0.005822285772960765,-83.9559058996115,-1568.111030063082,1400.1992182638585,-4.830339791484497,-90.22008666116362,80.55940707819461,-0.0002938468637201192,0.002933167644076426,0.816447481591291,0.46010042377196403,-0.00028502515658913635,-0.005861337732473232,0.005291287419294959,-68.54558793645322,-1409.5908086655131,1272.4996327926067,-3.9437187579877198,-81.09974515609802,73.21230764012257,4,8.0,3,50.0,3.0,0,0,,0.012305086378033332,0.012052890993360365,2.2771057704196015e-08,2.2367406896699983e-08,-0.0002521953846729673,4.512474355280392e-08,0.23514265791824757,-0.02049192957437147,-0.05432190228159016,0.013338043132847213,-4978.867164263909,-13198.441590801613,3240.707262273792,-286.4553710946359,-759.3623928954352,186.45165070616338,-0.00020590428668519102,0.00019194265610108558,0.816447481591291,0.14169421925664583,-0.016730584293941683,-0.04729846370978126,0.013837295121897894,-4064.9835574408417,-11491.976245091166,3362.0091302094825,-233.87576631851417,-661.1821949230533,193.430662286025,0.011936315949999696,0.011694946516152811,2.0742531036917453e-08,2.0365827686830654e-08,-0.00024136943384688546,4.1099324898334636e-08,0.23381167511371848,-0.02021928802120204,-0.05350432334032526,0.013065747297921185,-4765.140132106639,-12609.524040749911,3079.243776536635,-274.1587473266833,-725.4794653582142,177.1619707048475,-0.00019706546639740535,0.00018318144094953384,0.816447481591291,0.14100973315794318,-0.016507986784479362,-0.046583507065196136,0.013567533496237405,-3890.486660288057,-10978.474552510117,3197.501231934003,-223.8362188110937,-631.6382619252396,183.96582430305222,0.011795077348331276,0.011557179879494934,-0.00025540545299024796,0.00021250528215258785,-0.00024365541446031043,0.0018654739888450764,0.0002981473129026898,0.00024342162276261167,0.024419994946830715,0.00023558019655233256,0.00029792447805772424,0.0002432396898146288,0.0002884043869550296,0.0002354670354093141,,,,,,,,,,,,,,,,
1695156856779344680,CEPSTARFISH_756503,2023-09-19 20:54:16,2023-09-21 04:28:53,20230826,20230915,"""[]""",Customer Weblab,customer,C:0.0;T1:50.0;T2:50.0,1,,Paid Units (Purchases),Paid Units,ce85222d-946b-42ac-a7c2-39012ab6811a,6,purchase_metrics_v6,ce85222d-946b-42ac-a7c2-39012ab6811a-version-6,all:all,all,all,0.3989329186448646,T1,T2,4532996.0,4536140.0,568373,567474,7.97538940097436,7.993564462865259,176.8319230133448,177.87099738211046,7.97538940097436,7.993564462865259,0.46706865063915326,0.002278893352677982,-0.003862745796633487,0.00842053250198945,358813.9369576678,-608193.0183911477,1325820.8923064834,20644.089523591847,-34991.92708551809,76280.10613270178,0.017062571384742695,0.024191212161147627,0.9369988483166538,0.7596947710909572,0.002139402921524828,-0.0038056239849261746,0.008084429827975831,336851.0352224157,-599199.1345304705,1272901.2049753019,19380.470519645834,-34474.47075380789,73235.41179309956,429637,429048,0.7559067724891928,0.7560663572251768,0.7559067724891928,0.7560663572251768,0.8430479177075642,0.00021111695488383516,-0.001878727748642347,0.002300961658410017,3150.53823422948,-28036.60940952116,34337.68587798011,181.26384361320297,-1613.065198903957,1975.5928861303626,0.00013423561758383497,0.0007392177186043039,0.8411557456052998,0.5720483205038165,0.0001775822395952328,-0.0017391092863019164,0.0020942737654923815,2650.093337471303,-25953.056697945285,31253.24337288789,152.4711235257462,-1493.1895634434275,1798.1318104949196,10.550757965445248,10.572569968861293,10.550757965445248,10.572569968861293,0.4828153179337523,0.0020673399472797465,-0.0037064097624226835,0.007841089656982176,325538.9836169949,-583639.3131738371,1234717.2804078266,18729.640153306555,-33579.24815520706,71038.52846182015,0.01834729199656863,0.028505701344959264,0.8411557456052997,0.7400942090790164,0.0017389548747737164,-0.0035564133038116777,0.00703432305335911,273828.9864879448,-560019.7363613121,1107677.7093372017,15754.544428073536,-32220.313598870005,63729.40245501707,437,56936.0,416,134666.0,175.0,0,0,,7.9745981256868745,7.994362942606728,0.0002734050987566227,0.00027486095466559894,0.019764816919853878,0.0004719752919208772,0.36294229678324574,0.0024782259431043196,-0.0028607294073225223,0.00781718129353116,390199.04387844395,-450424.57998560613,1230822.667742494,22449.808003965267,-25914.83884848693,70814.45485641746,0.018834107715601848,0.021193244751330068,0.9516464755215964,0.8129136631419034,0.0023615282926876106,-0.0028467435972184462,0.007569800182593667,371824.8872596082,-448222.50081455207,1191872.2753337685,21392.664746443214,-25788.143882481076,68573.4733753675,0.7556648622923232,0.7563103786697976,2.941264480514264e-07,2.9343011707162643e-07,0.0006455163774743422,5.254835958940477e-07,0.37320433567917843,0.0008539629501514635,-0.0010256110817431269,0.002733536982046054,12743.850566374344,-15305.38808812928,40793.08922087797,733.2078408050992,-880.5839721937394,2346.9996538039377,0.0005429798097948625,0.0006648409929506542,0.8411557456052998,0.7929518473289102,0.0007183158420539558,-0.0010055268976243159,0.0024421585817322278,10719.563125041133,-15005.668011149037,36444.794261231305,616.7419880160652,-863.3398033811774,2096.823779413308,0.1845117237941645,0.18443002069742814,0.018175061890898903,0.024991257065125352,0.00015958473598398637,0.0009269942221684964,9.819116434922395e-06,9.20050079100941e-06,1.5038952295724582e-06,9.563310650775446e-07,7.4201975900801866e-06,7.0614048842736545e-06,9.196502438972218e-07,7.735690866014635e-07,,,,,,,,,,,,,,,,
1695156856779344680,CEPSTARFISH_756503,2023-09-19 20:54:16,2023-09-21 04:28:53,20230826,20230915,"""[]""",Customer Weblab,customer,C:0.0;T1:50.0;T2:50.0,1,,Paid Units (Purchases),Paid Units,ce85222d-946b-42ac-a7c2-39012ab6811a,6,purchase_metrics_v6,ce85222d-946b-42ac-a7c2-39012ab6811a-version-6,asin:B08PP48979,all,all,0.3989329186448646,T1,T2,6952.0,6796.0,568373,567474,0.012231404377055208,0.011975879071111629,0.012750394595037602,0.012480967245723982,0.012231404377055208,0.011975879071111629,0.2253974731788544,-0.020890921276621094,-0.05466593183440989,0.012884089281167705,-5044.606811701675,-13200.381565196652,3111.167941793302,-290.2376521800964,-759.4740078606293,178.99870350043656,-0.0002086230919432157,0.0001904530610429278,0.8164478706828375,0.13666978713283218,-0.017056348192900077,-0.04757460504080399,0.01346190865500383,-4118.6584898459705,-11488.013069171528,3250.6960894795857,-236.9639131144257,-660.9541765824715,187.02635035362,6779,6630,0.011927026794024347,0.011683354655896129,0.011927026794024347,0.011683354655896129,0.22928669728431705,-0.02043024991360811,-0.0537380271079162,0.01287752728069996,-4810.600356330016,-12653.402354203452,3032.2016415434155,-276.7742670765215,-728.0039710637602,174.45543691071705,-0.00019894559831951748,0.00018314454393293523,0.8164478706828375,0.1386783595058143,-0.016680234039483568,-0.04677631047769618,0.013415842398729047,-3927.604417631742,-11014.16462369982,3158.955788436336,-225.97176101442898,-633.6916632813595,181.74814125250154,1.0255199881988495,1.0250377073906485,1.0255199881988495,1.0250377073906485,0.871648201031267,-0.0004702792863628641,-0.0061752826588081155,0.0052347240860823865,-112.40093930314615,-1475.9475729426315,1251.145694336339,-6.466903357167313,-84.91753159395962,71.98372487962499,-0.0003937571389269107,0.0026972187766805614,0.8164478706828375,0.4419660799186258,-0.0003839585219772048,-0.005538857228538576,0.004770940184584168,-91.76950755680454,-1323.8362249988281,1140.2972098852192,-5.279889475870946,-76.16591979445313,65.60614084271124,3,7.0,3,50.0,3.0,0,0,,0.012229725563826836,0.011976923811246484,2.2414916686303534e-08,2.1994733882186413e-08,-0.0002528017525803526,4.4397799590501155e-08,0.23022747026288393,-0.02066825237620149,-0.054432179378223956,0.01309567462582098,-4990.838141716407,-13143.936508652057,3162.2602252192432,-287.14411226313575,-756.2264840594335,181.93825953316195,-0.00020639945259911843,0.00019039035936377666,0.8164478706828375,0.1391634169110546,-0.016874550643285205,-0.04738276015491291,0.013633658868342504,-4074.759173727051,-11441.687586185803,3292.1692387317007,-234.43819903635088,-658.2888748216488,189.41247674894717,0.011925870983341254,0.01168427812151554,2.0725715674275686e-08,2.0347968846815082e-08,-0.00024159286182571377,4.106622982857769e-08,0.23319083538832253,-0.02025591675091701,-0.0535569963141169,0.013045162812282875,-4769.551070192633,-12610.776013123917,3071.673872738649,-274.4125273261515,-725.5514966454856,176.72644199318256,-0.00019724797760977696,0.00018310771666020599,0.8164478706828374,0.1406901630705797,-0.01653790010001501,-0.046627924725865286,0.013552124525835258,-3894.089815371824,-10979.225033941959,3191.045403198311,-224.04352362413232,-631.6814403089894,183.59439306072474,0.011784772825878972,0.01154685387988068,-0.000255525305943579,0.0002107772465362775,-0.00024367213812821753,0.0018654839608395388,0.00029695784633521565,0.0002424506013229481,0.024463503222582866,0.00023578902163295072,0.0002967623473448913,0.00024229098658857712,0.00028868249064666204,0.00023569420479188532,,,,,,,,,,,,,,,,
1695156856779344680,CEPSTARFISH_756503,2023-09-19 20:54:16,2023-09-21 04:28:53,20230826,20230915,"""[]""",Customer Weblab,customer,C:0.0;T1:50.0;T2:50.0,1,,Free Units (Purchases),Free Units,d6301129-ddfb-4810-9663-a6d5b3c0090d,6,purchase_metrics_v6,d6301129-ddfb-4810-9663-a6d5b3c0090d-version-6,all:all,all,all,0.3989329186448646,T1,T2,97428.0,98755.0,568373,567474,0.17141560207821271,0.1740255941241361,2.551767716778314,2.599484208856229,0.17141560207821271,0.1740255941241361,0.3861532339536402,0.01522610552528647,-0.01920975544481473,0.04966196649538766,51526.73080551744,-65007.818053078205,168061.27966411307,2964.5516353859352,-3740.175833190801,9669.27910396267,0.0025467291238681663,0.0029622967839747364,0.9674548982930137,0.8050267452148288,0.014857043892108238,-0.019013822806829585,0.04872791059104606,50277.787706322575,-64344.76154944968,164900.33696209482,2892.694635158285,-3702.027376817653,9487.416647134223,43212,43246,0.07602753825392831,0.0762078967494546,0.07602753825392831,0.0762078967494546,0.7170361865121861,0.002372278514712701,-0.010456886390419895,0.015201443419845292,3560.6559268971,-15695.19526144148,22816.507115235676,204.85965606805235,-903.0112342199208,1312.7305463560251,0.00014725264241228502,0.000449660222861052,0.8164441712745324,0.6283458110232635,0.0019368329659769897,-0.009655254089957363,0.01352892002191134,2907.076777429255,-14491.990501067992,20306.1440559265,167.2564721260667,-833.7857548559666,1168.2986991081,2.254651485698417,2.2835637978078895,2.254651485698417,2.2835637978078895,0.43056053334141386,0.01282340631927708,-0.019062368817560935,0.04470918145611509,43447.17849198493,-64585.50246915266,151479.8594531225,2499.7006803607765,-3715.8782242526186,8715.27958497417,0.023605288699848938,0.03314297998187926,0.8164441712745325,0.7618375490191603,0.01046959534525878,-0.018341530239719666,0.03928072093023723,35472.19563810533,-62143.21829164064,133087.60956785132,2040.8660504115394,-3575.3632441765844,7657.095344999664,43,4286.0,44,5724.0,94.0,0,0,,0.17089169287678546,0.17455713849929125,3.7326428876046793e-06,3.932837495540458e-06,0.0036654456225057863,6.2583866815663715e-06,0.14286785627891857,0.02138338388143533,-0.007220789527804349,0.049987557290675014,72363.60362404812,-24435.90566114075,169163.112909237,4163.38541398633,-1405.9014215998789,9732.672249572539,0.003597408373500378,0.0024731395911835497,0.9773156803326024,0.9271088377823652,0.020986469900557646,-0.0072913791907297555,0.049264318991845045,71020.40527226565,-24674.78845051648,166715.59899504777,4086.105508815284,-1419.6453629064276,9591.856380536994,0.07603478945137462,0.07620067158632082,1.221672056130407e-07,1.2260144882058025e-07,0.0001658821349461992,2.418845224068555e-07,0.7359029156072735,0.0021818690800188855,-0.010497020001394627,0.014860758161432399,3274.86213077457,-15755.433542443774,22305.15780399291,188.4167253322355,-906.4769983323815,1283.3104489968525,0.00013543350219539976,0.00044439307874965964,0.8164441712745324,0.6197257550168571,0.0017813742928655455,-0.009674927585792232,0.013237676171523322,2673.742098398593,-14521.51930601765,19869.003502814834,153.83173716813823,-835.4846724010154,1143.1481467372917,0.07024735168097579,0.07040025322247907,0.0026099920459233816,0.0030117103619415465,0.00018035849552629213,0.0018037590229329692,0.0003086922380539452,0.0002986458177703223,0.0005628791686476965,3.49805864346295e-05,0.00021299121753544064,0.00020815965667051847,4.184718250077182e-05,3.4165888237016764e-05,,,,,,,,,,,,,,,,
1695156856779344680,CEPSTARFISH_756503,2023-09-19 20:54:16,2023-09-21 04:28:53,20230826,20230915,"""[]""",Customer Weblab,customer,C:0.0;T1:50.0;T2:50.0,1,,Free Units (Purchases),Free Units,d6301129-ddfb-4810-9663-a6d5b3c0090d,6,purchase_metrics_v6,d6301129-ddfb-4810-9663-a6d5b3c0090d-version-6,asin:B08PP48979,all,all,0.3989329186448646,T1,T2,44.0,43.0,568373,567474,7.741395175351397e-05,7.57743967124485e-05,7.74080950260091e-05,7.57687884726522e-05,7.741395175351397e-05,7.57743967124485e-05,0.9204765642458802,-0.021179064030806865,-0.4369736642715308,0.39461553620991696,-32.36826387029126,-667.8330472458617,603.096519505279,-1.862283674729086,-38.42327121140574,34.698703861947564,-1.3384619132064232e-06,1.4838499959292813e-05,0.8163568039390876,0.46406335983939306,-0.017289673022610783,-0.3929703461577714,0.35839100011254976,-26.424052442208016,-600.582152220343,547.7340473359269,-1.5202879487297762,-34.55404163459508,31.513465737135522,44,43,7.741395175351397e-05,7.57743967124485e-05,7.741395175351397e-05,7.57743967124485e-05,0.9204771661766111,-0.021179064030806865,-0.4369768220147907,0.3946186939531769,-32.36826387029126,-667.8378732696616,603.1013455290789,-1.862283674729086,-38.42354887304902,34.698981523590845,-1.3384619132064232e-06,1.4838612649965582e-05,0.8163568039390876,0.4640636320179924,-0.017289673022610783,-0.39297319925666396,0.3583938532114424,-26.424052442208016,-600.5865126518366,547.7384077674205,-1.5202879487297762,-34.554292508735806,31.513716611276248,1.0,1.0,1.0,1.0,nan,0.0,nan,nan,0.0,nan,nan,0.0,nan,nan,0.0,0.0,0.0,nan,0.0,0.0,0.0,0.0,0.0,0.0,0.0,0.0,0.0,0,0.0,0,0.0,1.0,0,0,,7.71754337900567e-05,7.577419741972795e-05,1.3532161862646073e-10,1.3351846316408657e-10,-1.4012363703287418e-06,2.688402845172742e-10,0.9318954999653999,-0.018100566352564955,-0.4332232731680532,0.3970221404629233,-27.663352216571834,-662.1012713431317,606.774566909988,-1.5915901275287903,-38.093497803303464,34.910317548245885,-1.1439088448447795e-06,1.4814506250246648e-05,0.8163568039390877,0.4692260734097713,-0.014776520497067316,-0.38984972166469745,0.3602966806705628,-22.583165801761858,-595.8128575581717,550.646525954648,-1.2993054296904083,-34.27964385951125,31.681033000130434,7.71754337900567e-05,7.577419741972795e-05,1.3532161862646073e-10,1.3351846316408657e-10,-1.4012363703287418e-06,2.688402845172742e-10,0.9318954849024169,-0.018100566352564955,-0.43322283079866586,0.39702169809353594,-27.663352216571834,-662.1005952637244,606.7738908305807,-1.5915901275287903,-38.09345890558414,34.910278650526564,-1.1439088448447795e-06,1.4814506250246648e-05,0.8163568039390877,0.4692260734097713,-0.014776520497067316,-0.38984972166469745,0.3602966806705628,-22.583165801761858,-595.8128575581717,550.646525954648,-1.2993054296904083,-34.27964385951125,31.681033000130434,7.740795883358787e-05,7.576865495325137e-05,-1.6395550410654657e-06,1.642290540862192e-05,-1.6395550410654657e-06,0.0018765216584871384,0.04500507688849939,0.03674020072972826,587.5822767860009,0.03674075877719544,0.04485964902461723,0.036621479703565746,0.04485964902461723,0.036621479703565746,,,,,,,,,,,,,,,,
1695156856779344680,CEPSTARFISH_756503,2023-09-19 20:54:16,2023-09-21 04:28:53,20230826,20230915,"""[]""",Customer Weblab,customer,C:0.0;T1:50.0;T2:50.0,1,,OPS*Spillover Value (Purchases),OPS*Spillover Value,ef0a9714-fec2-4520-b4ce-c4e7a690b3b5,6,purchase_metrics_v6,ef0a9714-fec2-4520-b4ce-c4e7a690b3b5-version-6,all:all,all,all,0.3989329186448646,T1,T2,2570162.9399998835,2562955.3099999796,568373,567474,4.521965223541378,4.5164277306096485,69.91524017629744,69.25291952445897,4.521965223541378,4.5164277306096485,0.7235308899018804,-0.0012245766294046974,-0.008009504160951579,0.0055603509021421825,-109321.75371045581,-715033.2777884883,496389.7703675765,-6289.744734026225,-41138.900913858226,28559.41144580577,-0.004595769420656349,0.014260897668922622,0.8299368463881585,0.3736264713377583,-0.0010163212659687752,-0.007197449257132281,0.005164806725194731,-90730.15151607867,-642538.6179501264,461078.3149179691,-5220.090909144252,-36967.97527932234,26527.793461033838,429634,429043,0.7559014942652097,0.7560575462488149,0.7559014942652097,0.7560575462488149,0.846480184006317,0.00020644486720711787,-0.0018834348543437967,0.002296324588758032,3080.7942742406476,-28106.658177876838,34268.24672635813,177.25117742206467,-1617.0954020148317,1971.5977568589608,0.00012951329114595215,0.0007342786958709735,0.8299368463881585,0.570002941797382,0.00017133620204289756,-0.0017325624004080923,0.0020752348044938873,2556.864684333979,-25855.175743298158,30968.905111966113,147.10728320825632,-1487.5580564637296,1781.7726228802421,5.982214955054497,5.973656043799758,5.982214955054497,5.973656043799758,0.6639781813768777,-0.0014307261305459217,-0.007885596089122844,0.005024143828031,-127738.53273391598,-704044.2280679569,448567.1626001248,-7349.340239485577,-40506.65421760847,25807.973738637313,-0.0071033558152742565,0.01794832577022725,0.8299368463881585,0.3461384459023551,-0.001187412332830415,-0.007067855004439006,0.0046930303387781765,-106014.91501943678,-631034.4157191066,419004.58568023297,-6099.488261392253,-36306.089671510235,24107.113148725733,431,54833.289999976754,428,116560.41999980621,116.20999999999998,0,0,,4.520748306431402,4.517645149732405,0.00011149447656815877,0.000110620493018982,-0.0031031566989971893,0.00019918389063781512,0.8259682513516062,-0.0006862407262316254,-0.0068033810252974515,0.0054308995728342005,-61262.83799458758,-607358.9246983414,484833.2487091663,-3524.7112270858606,-34943.93813332923,27894.515679157514,-0.002575424084614015,0.012857295596169207,0.8299368463881585,0.42061970354516065,-0.0005695364641917947,-0.006142298540265842,0.0050032256118822515,-50844.286566016664,-548342.0409235345,446653.4677915012,-2925.2877202365753,-31548.44619012117,25697.870749648013,0.7556581283914028,0.7563030548537532,2.9413276102157484e-07,2.934316702542869e-07,0.0006449264623503703,5.254866704759009e-07,0.3736426684227978,0.000853188500410738,-0.0010264041546457646,0.0027327811554672403,12732.204401460362,-15317.116310365978,40781.5251132867,732.537787481281,-881.258746623796,2346.334321586358,0.0005352482343153377,0.0006603943898260968,0.8299368463881585,0.7911729504113021,0.0007080925734055299,-0.0010042326825587466,0.0024204178293698066,10566.925568517443,-14986.249550725775,36120.10068776066,607.9601012023734,-862.222576891072,2078.142779295819,0.18451442523283285,0.184434533009036,-0.00553749293172956,0.01565396435032117,0.0001560519836052432,0.0009270076057639106,1.1983791511794626e-05,9.945790135072012e-06,1.503959658379046e-06,9.43607639079117e-07,9.740915479217497e-06,8.084344673755365e-06,9.196684681118064e-07,7.632667481473413e-07,,,,,,,,,,,,,,,,
1695156856779344680,CEPSTARFISH_756503,2023-09-19 20:54:16,2023-09-21 04:28:53,20230826,20230915,"""[]""",Customer Weblab,customer,C:0.0;T1:50.0;T2:50.0,1,,OPS*Spillover Value (Purchases),OPS*Spillover Value,ef0a9714-fec2-4520-b4ce-c4e7a690b3b5,6,purchase_metrics_v6,ef0a9714-fec2-4520-b4ce-c4e7a690b3b5-version-6,asin:B08PP48979,all,all,0.3989329186448646,T1,T2,4390.989999999886,4293.689999999853,568373,567474,0.007725542909321671,0.007566320219075858,0.005096179822968752,0.004990453583762316,0.007725542909321671,0.007566320219075858,0.23218323154990672,-0.020609903033959535,-0.05441993763014004,0.013200131562220956,-3143.3906901136784,-8300.045129823442,2013.263749596084,-180.8526150476363,-477.53684308573224,115.83161299045962,-0.00012999699425575027,0.0001204178059088755,0.8164476687025988,0.14017139751583818,-0.01682690728426288,-0.04737680720054636,0.013722992632020594,-2566.4140007647657,-7225.83771675791,2093.0097152283784,-147.65669593441118,-415.7331289093592,120.41973704053683,6779,6630,0.011927026794024347,0.011683354655896129,0.011927026794024347,0.011683354655896129,0.22928669728431705,-0.02043024991360811,-0.0537380271079162,0.01287752728069996,-4810.600356330016,-12653.402354203452,3032.2016415434155,-276.7742670765215,-728.0039710637602,174.45543691071705,-0.00019894554910256082,0.00018314452127895917,0.8164476687025988,0.13867838922028008,-0.01668022991297681,-0.04677630262846976,0.013415842802516143,-3927.6034459855327,-11014.162775484963,3158.955883513898,-225.97170511149642,-633.6915569457102,181.74814672271742,0.6477341790824437,0.6476153846153625,0.6477341790824437,0.6476153846153625,0.9513001351019724,-0.00018340002877332263,-0.006068988228696707,0.00570218817115006,-27.68637991992552,-916.1847735418364,860.812013701985,-1.5929150090916053,-52.71200066953032,49.52617065134709,-9.698946570320086e-05,0.0017575301018493699,0.8164476687025989,0.4779955016381926,-0.00014973652593196882,-0.005467806519165006,0.005168333467301068,-22.60448034043764,-825.429361329894,780.2204006490188,-1.3005317456142202,-47.49045640528157,44.88939291405313,6,4.120000000002619,4,31.870000000015352,1.93,0,0,,0.007724412585183396,0.0075670260728740255,8.958946234976006e-09,8.794746552538926e-09,-0.00015738651230937008,1.7749233908837547e-08,0.23746491056350008,-0.020372226800975616,-0.05417165484679742,0.01342720124484618,-3107.1406768655856,-8262.177421839142,2047.896068107971,-178.76699784706108,-475.3581530373205,117.82415734319832,-0.00012849785106021808,0.00012037990133792074,0.8164476687025989,0.14288747963713588,-0.016632857077937144,-0.047173140635242,0.01390742647936771,-2536.8177619579224,-7194.77480568015,2121.1392817643055,-145.95389863319554,-413.94594772406344,122.03815045767236,0.011925870983341254,0.01168427812151554,2.0725715674275686e-08,2.0347968846815082e-08,-0.00024159286182571377,4.106622982857769e-08,0.23319083538832253,-0.02025591675091701,-0.0535569963141169,0.013045162812282875,-4769.551070192633,-12610.776013123917,3071.673872738649,-274.4125273261515,-725.5514966454856,176.72644199318256,-0.00019724792881279307,0.0001831076940107853,0.8164476687025988,0.14069019282739292,-0.01653789600872011,-0.0466279169125993,0.013552124895159074,-3894.0888520167605,-10979.223194194512,3191.0454901609905,-224.04346819822456,-631.6813344605062,183.594398064057,0.011784772825878972,0.01154685387988068,-0.0001592226902458133,0.00013326820038468145,-0.00024367213812821753,0.0018654839608395388,0.00029757404484902645,0.00024295363518339022,0.024463503222582866,0.0002357889633013357,0.0002973867363165322,0.00024280070756870718,0.00028868249064666204,0.00023569414648372697,,,,,,,,,,,,,,,,
1695156856779344680,CEPSTARFISH_756503,2023-09-19 20:54:16,2023-09-21 04:28:53,20230826,20230915,"""[]""",Customer Weblab,customer,C:0.0;T1:50.0;T2:50.0,1,,OPS*Margin Correction (Purchases),OPS*Margin Correction,7204651d-fc7a-4415-b58c-773081d46c81,6,purchase_metrics_v6,7204651d-fc7a-4415-b58c-773081d46c81-version-6,all:all,all,all,0.3989329186448646,T1,T2,3130342.349999645,3121580.1499996,568373,567474,5.507549355792138,5.500833782692423,103.65987493148513,102.67909654944678,5.507549355792138,5.500833782692423,0.7245978323099216,-0.0012193396129355537,-0.008002541190303736,0.005563861964432627,-132579.5332802901,-870121.141650175,604962.0750895947,-7627.863558592034,-50061.76431411966,34806.037196935584,-0.005573636597386763,0.017364921092219574,0.8299569544739621,0.3741161727486719,-0.001011999391621452,-0.007191629883600072,0.005167631100357168,-110035.30566688887,-781950.2650265151,561879.6536927373,-6330.798408231963,-44988.91935768991,32327.32254122598,429635,429046,0.755903253673204,0.756062832834632,0.755903253673204,0.756062832834632,0.843054086029431,0.00021111056296239795,-0.0018787540817470506,0.0023009752076718457,3150.4281807742946,-28036.871868580467,34337.72823012905,181.25751177057583,-1613.0802992881913,1975.5953228293424,0.0001324438348163401,0.0007342840028149578,0.829956954473962,0.5715694978754613,0.0001752126798935554,-0.001728695251376462,0.0020791206111635727,2614.719778204378,-25797.525995310563,31026.96555171932,150.43593244463545,-1484.241221648005,1785.1130865372759,7.286050601090798,7.275630468526917,7.286050601090798,7.275630468526917,0.6640164516668668,-0.00143014825649449,-0.0078831940475491,0.005022897534560117,-155517.28548958283,-857234.8591799277,546200.2882007618,-8947.569850085587,-49320.36176103694,31425.222060865748,-0.00864826148793333,0.021854286043600978,0.829956954473962,0.34615439173573215,-0.0011869614914064137,-0.007065813546988024,0.004691890564175197,-129072.65263299186,-768351.2094728985,510205.90420691477,-7426.097822720079,-44206.50794227635,29354.312296836193,431,66747.20999997389,428,141910.61999995168,141.50000000000003,0,0,,5.50607839044061,5.5023053760292076,0.00016530780581823897,0.00016401061304397374,-0.003773014411402542,0.0002953170263103064,0.8262174304734329,-0.0006850622967971348,-0.006800596498881962,0.005430471905287692,-74487.23769305454,-739432.9687023783,590458.4933162692,-4285.567100148343,-42542.71874726012,33971.58454696344,-0.003131439550074022,0.015655683305458398,0.829956954473962,0.42073272511056414,-0.0005685722174746874,-0.006139938618357382,0.005002794183408007,-61821.20094290565,-667599.2379446096,543956.8360587984,-3556.8362186329277,-38409.819169415896,31296.146732150042,0.7556603731861145,0.7563078444764018,2.941305983377417e-07,2.9342923713819013e-07,0.0006474712902873048,5.254838197920609e-07,0.37175874720688384,0.0008565531199145002,-0.001023030062038109,0.002736136301867109,12782.44465573914,-15266.799974372654,40831.68928585093,735.4283226589642,-878.3638341419883,2349.2204794599165,0.0005373733001961781,0.0006604005986520327,0.829956954473962,0.7920938965977318,0.000710902218749409,-0.001001435150400559,0.002423239587899377,10608.87883720923,-14944.536525165773,36162.294199584234,610.3738509079283,-859.8226493930993,2080.570351208956,0.1845135247594678,0.1844318256407033,-0.006715573099715044,0.019060971411885078,0.0001595791614280584,0.0009270009113431945,1.1977695398253975e-05,9.94097159435166e-06,1.503930935658887e-06,9.436168861749998e-07,9.73580106288959e-06,8.080295799520207e-06,9.19659197919174e-07,7.632775470589644e-07,,,,,,,,,,,,,,,,
1695156856779344680,CEPSTARFISH_756503,2023-09-19 20:54:16,2023-09-21 04:28:53,20230826,20230915,"""[]""",Customer Weblab,customer,C:0.0;T1:50.0;T2:50.0,1,,OPS*Margin Correction (Purchases),OPS*Margin Correction,7204651d-fc7a-4415-b58c-773081d46c81,6,purchase_metrics_v6,7204651d-fc7a-4415-b58c-773081d46c81-version-6,asin:B08PP48979,all,all,0.3989329186448646,T1,T2,5346.360000000016,5227.96000000005,568373,567474,0.00940642852492996,0.009212686396205025,0.007555535189614885,0.007399193695609166,0.00940642852492996,0.009212686396205025,0.2325026508990855,-0.020596778916828908,-0.05440840228480894,0.01321484445115112,-3824.876986920409,-10103.785967437745,2454.031993596926,-220.06141568583175,-581.3137131950483,141.19088182338479,-0.0001581803075549437,0.00014662460855975837,0.8164476595563762,0.14033589325855278,-0.016816191941045073,-0.04736752726058385,0.013735143378493703,-3122.811864062212,-8796.276625482471,2550.6528973580475,-179.66862779536015,-506.0871483154299,146.74989272470958,6779,6630,0.011927026794024347,0.011683354655896129,0.011927026794024347,0.011683354655896129,0.22928669728431705,-0.02043024991360811,-0.0537380271079162,0.01287752728069996,-4810.600356330016,-12653.402354203452,3032.2016415434155,-276.7742670765215,-728.0039710637602,174.45543691071705,-0.00019894554687388124,0.00018314452025312456,0.8164476595563762,0.1386783905658331,-0.0166802297261172,-0.04677630227303513,0.013415842820800725,-3927.6034019867116,-11014.162691792693,3158.9558878192697,-225.97170258005738,-633.6915521305385,181.74814697042373,0.7886649948369989,0.7885309200603394,0.7886649948369989,0.7885309200603394,0.9549155567355716,-0.0001700021904575707,-0.0060636564921121685,0.0057236521111970265,-31.247627061092082,-1114.5437372430808,1052.0484831208964,-1.7978086802272157,-64.12443419754712,60.52881683709268,-0.00010946503760919142,0.0021428575739294397,0.8164476595563762,0.47962942265696906,-0.00013879789051854093,-0.005464156181295245,0.005186560400258163,-25.512051980719114,-1004.3512621638175,953.3271582023793,-1.4678166893016478,-57.784593165589506,54.848959786986214,3,5.019999999997708,3,38.82999999998992,2.35,0,0,,0.009405047008530147,0.009213549850554696,1.3282408604967e-08,1.3039721178577018e-08,-0.00019149715797545097,2.631552463994484e-08,0.2378121110179153,-0.020358115459860663,-0.05415913579954292,0.013442904879821594,-3780.5565440073265,-10057.49651378315,2496.383425768496,-217.51147239494205,-578.6504843546469,143.6275395647628,-0.0001563474064407546,0.0001465784721651891,0.8164476595563763,0.14306575927137188,-0.01662133572018172,-0.047163057861722854,0.01392038642135941,-3086.626542175324,-8758.306110704849,2585.0530263542005,-177.5867325635118,-503.90254335562145,148.7290782285978,0.011925870983341254,0.01168427812151554,2.0725715674275686e-08,2.0347968846815082e-08,-0.00024159286182571377,4.106622982857769e-08,0.23319083538832253,-0.02025591675091701,-0.0535569963141169,0.013045162812282875,-4769.551070192633,-12610.776013123917,3071.673872738649,-274.4125273261515,-725.5514966454856,176.72644199318256,-0.000197247926603131,0.00018310769298515698,0.8164476595563762,0.14069019417486384,-0.016537895823454992,-0.046627916558793045,0.013552124911883064,-3894.088808393385,-10979.223110885669,3191.045494098898,-224.04346568838653,-631.6813296673946,183.59439829062154,0.011784772825878972,0.01154685387988068,-0.00019374212872493544,0.00016227166469969187,-0.00024367213812821753,0.0018654839608395388,0.0002976020121885778,0.00024297646633063256,0.024463503222582866,0.00023578896065991922,0.00029741475680448016,0.00024282358211054664,0.00028868249064666204,0.00023569414384337276,,,,,,,,,,,,,,,,
